Data source:,http://insideairbnb.com/get-the-data.html,,,,,,,,,,,,,,,,,,,,
Date:,03/11/2021,,,,,,,,,,,,,,,,,,,,
Description:,"AIRBNB New York, Staten Island data only",,,,,,,,,,,,,,,,,,,,
id,name,host_id,host_name,host_response_time,host_response_rate,host_acceptance_rate,host_is_superhost,neighbourhood,neighbourhood_group,latitude,longitude,room_type,price,minimum_nights,availability_365,number_of_reviews,last_review,review_scores_rating,instant_bookable,reviews_per_month,no_of_pics
42882,New York room with a view,185978,Newyorkroomwithaview,within a day,100%,50%,t,St. George,Staten Island,40.64633,-74.08156,Private room,$70.00,2,297,176,03/11/2019,4.8,f,1.72,
214917,New Clean Spacious Bed & Breakfast,1109658,Carmel,N/A,N/A,N/A,f,Emerson Hill,Staten Island,40.60742,-74.14388,Entire home/apt,$76.00,30,0,2,08/02/2018,5,f,0.03,
225976,Cozy multi-leveled apartment!,1177947,Marina,N/A,N/A,75%,t,Shore Acres,Staten Island,40.61019,-74.06757,Entire home/apt,$75.00,6,138,88,01/06/2021,4.54,t,0.78,
258838,"Oceanview,close to Manhattan",1360198,Marina,within an hour,100%,67%,t,Arrochar,Staten Island,40.591675,-74.065865,Entire home/apt,$229.00,2,335,32,04/10/2021,4.97,f,0.86,
310272,"Private Room in Artist's Home, Stapleton, SI",1390555,Jonathan,N/A,N/A,N/A,f,Clifton,Staten Island,40.62449,-74.0781,Private room,$61.00,30,0,51,28/06/2019,4.34,f,0.56,1
386555,A PLACE TO STAY CLOSE TO MANHATTAN,773928,Nen,N/A,N/A,N/A,f,Stapleton,Staten Island,40.62719,-74.08016,Private room,$106.00,30,364,7,03/11/2019,4.8,f,0.12,
,,,,,,,,,,,,,,,,,,,,,
503460,Spacious Apartment w extra room,2483236,Caitlin,N/A,N/A,N/A,f,New Springville,Staten Island,40.59274,-74.16178,Private room,$68.00,30,0,11,22/10/2018,4.75,f,0.17,
637641,Convenient to Manhattan,3181056,Sylvia,within a few hours,100%,29%,t,Tompkinsville,Staten Island,40.63264,-74.08624,Entire home/apt,$86.00,365,359,8,14/05/2014,5,f,0.07,
644575,Enjoy and discover New York Citi,15523,Vadim,a few days or more,43%,0%,f,Tompkinsville,Staten Island,40.63139,-74.08169,Private room,$71.00,30,293,24,08/10/2019,4.79,f,0.27,
681805,NEAR THE CITY THAT NEVER SLEEPS!,3375455,Maria,within a few hours,100%,86%,f,Mariners Harbor,Staten Island,40.62915,-74.16214,Private room,$44.00,3,355,80,03/09/2021,4.75,f,2.19,
705749,Room Available Close to Manhattan-A,3625735,Marianne,within a day,100%,N/A,t,Concord,Staten Island,40.60066,-74.08902,Private room,$68.00,30,363,60,20/07/2019,4.76,t,0.79,
712136,Room Available-Close to Manhattan-B,3625735,Marianne,within a day,100%,N/A,t,Concord,Staten Island,40.60035,-74.09103,Private room,$68.00,30,0,36,29/08/2017,4.61,f,0.33,
1665498,"ESSENTIAL WRKRS WELCOME! 3rd FL,PrivBrm w PrivBath",8821936,Lynn,N/A,N/A,N/A,t,Shore Acres,Staten Island,40.61033,-74.06544,Private room,$111.00,3,68,30,24/10/2021,4.86,f,0.37,
1682963,ESSENTIAL WRKRS WELCOME! Basemnt Space w Priv Bath,8821936,Lynn,N/A,N/A,N/A,t,Shore Acres,Staten Island,40.61158,-74.06534,Shared room,$132.00,30,275,7,10/03/2020,4.71,f,0.1,
2611458,close to Manhattan country setting,13373889,Nidal,within a few hours,100%,56%,f,Concord,Staten Island,40.60364,-74.08265,Private room,$114.00,30,87,48,08/05/2021,4.24,t,0.74,
2794725,LOOK! Attached single family,14295613,Skylar,N/A,N/A,N/A,f,Clifton,Staten Island,40.62578,-74.07356,Entire home/apt,$75.00,30,0,1,19/04/2014,4,f,0.01,
2889387,New York City near Staten Is. Ferry,2269517,Rob&Elle,within an hour,100%,100%,t,St. George,Staten Island,40.64367,-74.0794,Private room,$85.00,2,0,292,11/09/2021,4.98,f,3.28,
3465651,“No Place Like Home” 1st Floor Suburban Apt.,4060346,"Lisa, Nancy & John",within an hour,100%,74%,t,Huguenot,Staten Island,40.54153,-74.16442,Private room,$66.00,1,262,191,18/10/2021,4.86,f,2.55,
3743048,SWEET BOHO OASIS ROOM Steps to Ferry! Great Value!,19143974,Meghan,N/A,N/A,N/A,t,St. George,Staten Island,40.64453,-74.0776,Private room,$74.00,2,332,156,31/10/2021,4.84,f,2.29,
4033422,The Lighthouse Manor,20911928,Judith,within a few hours,100%,71%,f,Lighthouse Hill,Staten Island,40.57716,-74.14087,Entire home/apt,$150.00,30,364,56,02/01/2020,4.64,f,0.85,
4206034,Clean and Huge Studio in Safe Area,18382740,Takao & Aiko,a few days or more,0%,0%,t,Randall Manor,Staten Island,40.63603,-74.0951,Entire home/apt,$115.00,7,156,41,21/07/2019,4.88,f,0.55,
4974843,Charming private Studio,25641892,Tonia,N/A,N/A,100%,f,Randall Manor,Staten Island,40.63268,-74.12607,Entire home/apt,$69.00,30,159,213,28/06/2021,4.77,f,2.77,1
5225088,Glorious Mornings Townhouse,2265022,K. Zovia,within an hour,100%,100%,t,Mariners Harbor,Staten Island,40.62914,-74.15927,Entire home/apt,$150.00,30,352,24,20/09/2021,4.79,t,0.33,
5771366,Authentic New York Vintage Home,1211067,"Hans, Sandra & Son",within an hour,100%,80%,t,Clifton,Staten Island,40.6212,-74.08558,Private room,$49.00,30,285,180,20/10/2021,4.92,f,2.34,
5899598,1-BdRm Entire Apartment St. George,6319915,Jason,within a day,90%,31%,f,St. George,Staten Island,40.64414,-74.08239,Private room,$62.00,30,23,140,22/04/2020,4.96,f,2.21,
6181131,"Quiet Room Near RUMC (1st floor, Room 3)",32060911,Ervis,within a few hours,100%,74%,t,West Brighton,Staten Island,40.63451,-74.11527,Private room,$50.00,30,264,12,03/10/2021,5,f,0.31,
6330321,"Mellow, Relaxed Apt",6319915,Jason,within a day,90%,31%,f,St. George,Staten Island,40.64518,-74.08166,Entire home/apt,$74.00,28,37,156,01/09/2021,4.97,f,2.21,
6553257,Royal Oxford,34272645,Jean,within an hour,100%,82%,t,Tompkinsville,Staten Island,40.63395,-74.08691,Entire home/apt,$120.00,4,343,85,23/10/2021,4.75,t,1.16,
6739145,Ranch style house with driveway,25368839,Florence,within an hour,100%,88%,t,Dongan Hills,Staten Island,40.58172,-74.08948,Entire home/apt,$162.00,30,290,82,04/07/2021,4.96,f,1.29,
7144807,"Spacious, Clean , Close to Local Transportation",37360127,Mel,N/A,N/A,N/A,f,Castleton Corners,Staten Island,40.61363,-74.12152,Private room,$45.00,30,0,0,,,f,,
8275676,LOVELY Clean&Safe 2 BR NYC Suburban,43637999,Martha,within an hour,100%,86%,t,Great Kills,Staten Island,40.54615,-74.14654,Private room,$99.00,1,165,103,23/10/2021,5,f,1.44,
8343222,"New Apartment, Close to Ferry",43977828,Mona,within an hour,100%,92%,f,Silver Lake,Staten Island,40.62287,-74.09968,Entire home/apt,$98.00,2,318,232,31/10/2021,4.7,t,3.65,
8589729,Magnolia House Saint George,45201692,Danforth,N/A,N/A,N/A,t,St. George,Staten Island,40.64816,-74.08445,Entire home/apt,$190.00,2,258,154,03/10/2021,4.86,f,2.32,
8664611,Affordable Luxury Minutes to Manhattan,45519775,Ayman,N/A,N/A,N/A,t,West Brighton,Staten Island,40.62872,-74.12154,Entire home/apt,$75.00,3,338,184,28/10/2021,4.87,f,3.01,
8671663,Two bus stops to World Trade Center,45550171,Michael,within a day,100%,90%,t,Concord,Staten Island,40.60494,-74.07337,Entire home/apt,$120.00,1,218,37,29/09/2021,5,f,0.59,
8934409,Cozy room with a desk,14637971,Nadya,within a few hours,100%,76%,t,Tompkinsville,Staten Island,40.63127,-74.08672,Private room,$40.00,5,247,26,13/12/2020,4.81,f,0.41,
9045427,Sunrise Condominium Apartment,47198995,Diana,N/A,N/A,N/A,f,Grymes Hill,Staten Island,40.61223,-74.09318,Entire home/apt,$200.00,30,0,1,01/11/2015,5,f,0.01,
9858717,3rd floor loft with a view,14637971,Nadya,within a few hours,100%,76%,t,Tompkinsville,Staten Island,40.63073,-74.08588,Private room,$42.00,5,62,37,31/05/2021,4.89,f,0.67,
10253159,Newly renovated house 4 bedroom. Minutes from NYC,10721093,Jonathan,within an hour,100%,100%,f,Castleton Corners,Staten Island,40.61066,-74.12276,Entire home/apt,$249.00,30,306,59,03/10/2020,4.97,f,1.31,
10413576,Quiet home free ferry to Manhattan,53627900,Mahmood,within a few hours,100%,77%,f,New Brighton,Staten Island,40.64365,-74.09113,Private room,$50.00,1,309,198,16/10/2021,4.74,f,3.04,
12584072,Historic Gem Close to SI Ferry,80470317,Sergey,within a few hours,100%,94%,f,Stapleton,Staten Island,40.62534,-74.07705,Entire home/apt,$169.00,1,316,164,21/10/2021,4.37,f,2.56,
12704039,Small comfy attick room,14637971,Nadya,within a few hours,100%,76%,t,Tompkinsville,Staten Island,40.6298,-74.08527,Private room,$38.00,5,79,29,13/08/2021,4.72,f,1.29,
12966225,"1 bedroom apt, comforts of home, close to all..",71312760,Don,within a few hours,100%,98%,t,Richmondtown,Staten Island,40.57095,-74.12328,Entire home/apt,$71.00,3,112,142,17/10/2021,4.77,f,3.25,
13222140,"Private appartment,minutes from NY citi. Fantastic loc ation, walking distance to manhattan ferry.",15523,Vadim,a few days or more,43%,0%,f,Tompkinsville,Staten Island,40.63329,-74.08139,Private room,$72.00,2,310,25,03/09/2018,4.84,f,0.38,
13294471,Cozy Bedroom & Private Bath/Full use of Amenities,75032421,Delroy,within an hour,100%,80%,t,Clifton,Staten Island,40.61639,-74.07661,Private room,$135.00,3,305,142,28/07/2021,4.98,t,2.27,
13427412,"Extra clean, private entrance. 8 minutes to Ferry",3156684,Michael And Sandra,N/A,N/A,N/A,t,Tompkinsville,Staten Island,40.63242,-74.09328,Entire home/apt,$106.00,2,322,219,22/10/2021,4.89,t,3.96,
13743786,City Views Close to SI Ferry,80470317,Sergey,within a few hours,100%,94%,f,Clifton,Staten Island,40.62322,-74.07748,Entire home/apt,$145.00,1,323,107,03/10/2021,4.43,f,1.75,
13971842,Close to you,23684948,Victor,N/A,N/A,N/A,f,Stapleton,Staten Island,40.62672,-74.07564,Private room,$96.00,30,88,0,,,f,,
14462592,Cozy Luxurious  Apartment.,79641851,Mia,within an hour,80%,65%,f,Howland Hook,Staten Island,40.63018,-74.17485,Entire home/apt,$95.00,3,177,27,29/08/2021,4.83,f,0.51,
14506086,Cute Lofted Apt.,22847606,Patricia,N/A,N/A,N/A,f,Prince's Bay,Staten Island,40.52198,-74.18037,Entire home/apt,$145.00,30,0,15,07/08/2018,4.92,f,0.34,
14804661,"Cozy 4 beds, Free Ferry to Manhattan.",92493393,Lois,within a few hours,100%,92%,f,West Brighton,,40.63145,-74.11532,Entire home/apt,$150.00,2,10,103,19/07/2020,4.51,t,1.65,
14892623,Cozy Space w/ Separate Entrance,93441980,Tanya,within an hour,100%,100%,t,South Beach,Staten Island,40.59273,-74.08831,Private room,$95.00,1,328,82,19/09/2021,4.84,f,1.35,
15178725,2 BR Tropical Getaway near Ferry,96341353,Tony & Grace,within an hour,100%,94%,t,St. George,Staten Island,40.64371,-74.07887,Entire home/apt,$142.00,1,333,40,12/09/2021,4.98,f,0.8,
15207725,HugeTropical Bedrm near Ferry,96341353,Tony & Grace,within an hour,100%,94%,t,St. George,Staten Island,40.64077,-74.07815,Private room,$100.00,1,348,27,14/10/2021,4.89,f,0.49,
15297194,Cozy Island Bedroom near Ferry,96341353,Tony & Grace,within an hour,100%,94%,t,St. George,Staten Island,40.64196,-74.07806,Private room,$53.00,1,334,81,31/10/2021,4.92,f,1.97,
15532430,Quiet room near beach in residential area.,6051934,Susan,within a day,100%,20%,f,Midland Beach,Staten Island,40.57087,-74.09641,Private room,$80.00,1,276,8,03/11/2019,5,f,0.15,
15797728,"Modern, Ambient 1-Bedroom Apartment",28189446,Michella,within an hour,100%,96%,t,Eltingville,Staten Island,40.5425,-74.14809,Entire home/apt,$86.00,5,313,113,27/10/2021,4.95,f,1.87,
15833574,Delightful studio apartment.,102526590,Edward,N/A,N/A,100%,t,Castleton Corners,Staten Island,40.61883,-74.12949,Entire home/apt,$69.00,2,0,68,13/01/2021,4.94,f,1.65,
15949915,"Quiet, Private  3.5 rooms, Manhattan convenient",103545877,Jon,N/A,N/A,N/A,f,Oakwood,Staten Island,40.56052,-74.1289,Entire home/apt,$100.00,30,0,2,30/01/2017,5,f,0.03,
16097336,Big City Feel - Inexpensive Cost otr 01,104927746,Amardeep,within an hour,100%,98%,f,South Beach,Staten Island,40.59525,-74.08472,Private room,$45.00,4,135,35,23/10/2021,4.74,f,0.76,
16097822,Peaceful Getaway // Queen Sized Bed OTR02,104927746,Amardeep,within an hour,100%,98%,f,South Beach,Staten Island,40.59511,-74.08757,Private room,$45.00,4,173,20,07/08/2021,4.5,f,0.35,
16098175,Writers Paradise 3 NYC,104927746,Amardeep,within an hour,100%,98%,f,Concord,Staten Island,40.59643,-74.08765,Private room,$43.00,4,161,32,01/10/2021,4.47,f,0.92,
16123943,"1 BR 2nd Flr,  A/C, 1/2 mile to Verrazano bridge",104661811,Campo Elias,N/A,N/A,N/A,f,Arrochar,Staten Island,40.59434,-74.0709,Private room,$285.00,30,89,14,13/10/2019,4.92,t,0.27,
16289102,"Comfy private room, great location to Manhattan",92493393,Lois,within a few hours,100%,92%,f,West Brighton,Staten Island,40.63304,-74.11275,Private room,$55.00,2,31,50,21/03/2021,4.56,t,0.98,
16289973,Economy private room great location to Manhattan,92493393,Lois,within a few hours,100%,92%,f,West Brighton,Staten Island,40.63189,-74.11308,Private room,$55.00,2,350,92,30/08/2021,4.61,t,1.64,
16974611,Old charm room,14637971,Nadya,within a few hours,100%,76%,t,Tompkinsville,Staten Island,40.62814,-74.08666,Private room,$48.00,2,149,19,04/10/2021,4.84,f,0.77,
17073870,South Beach Apartment Express to Manhattan,41398005,Mirco,within an hour,100%,100%,f,Arrochar,Staten Island,40.59322,-74.06857,Entire home/apt,$184.00,1,0,85,07/06/2021,4.75,t,2.76,
17257339,Contemporary. Spacious Apartment. Close to Ferry.,115259709,Paul,N/A,N/A,100%,t,St. George,Staten Island,40.6456,-74.08069,Entire home/apt,$150.00,2,1,82,20/12/2020,4.8,t,1.59,
17383677,"@Ferry,HUGE 2Br/3beds. Private,Renovated/Stylish..",117492425,Dine,within a day,93%,17%,f,St. George,Staten Island,40.64397,-74.08063,Entire home/apt,$95.00,30,364,136,20/07/2021,4.8,f,2.45,
17554298,The Sweet Pea Cottage,76840423,Kathleen,within an hour,100%,100%,t,Huguenot,Staten Island,40.53894,-74.16983,Entire home/apt,$180.00,1,245,255,30/10/2021,4.88,t,4.93,
17716523,30 Minutes from Manhattan Apartment in South Beach,41398005,Mirco,within an hour,100%,100%,f,Arrochar,Staten Island,40.59322,-74.06857,Entire home/apt,$151.00,1,121,197,29/10/2021,4.62,t,4.9,
17735156,Private Cozy Large  Comfortable Bedroom.,4204783,Kevin,N/A,N/A,0%,f,West Brighton,Staten Island,40.63125,-74.12226,Private room,$49.00,2,307,55,01/02/2020,4.68,f,1.28,
17764355,"@Ferry,Loft,2Bdrm/4bed.Private,Renovated/Stylish",1715301,Mark,within a day,80%,32%,f,Stapleton,Staten Island,40.63398,-74.07871,Entire home/apt,$119.00,30,308,156,03/05/2021,4.91,f,2.99,
17992512,Charming Suite in Historic Home,74282739,David,N/A,N/A,N/A,t,Stapleton,Staten Island,40.63031,-74.08091,Entire home/apt,$69.00,1,0,359,31/10/2021,4.89,t,6.99,
18066269,"@Ferry,2Bedroom/3beds.Private,Renovated/Stylish...",117492425,Dine,within a day,93%,17%,f,St. George,Staten Island,40.6456,-74.07884,Entire home/apt,$99.00,30,364,146,11/09/2021,4.79,f,2.72,
18431324,Large bedroom apartment  to rest,33500990,Chian-TiLung,within an hour,100%,100%,f,Clifton,Staten Island,40.61784,-74.0804,Private room,$65.00,3,340,11,27/08/2021,4.73,t,7.02,
18606237,Cozy bedroom in historical home.,128338539,Reuben,N/A,N/A,N/A,f,Tompkinsville,Staten Island,40.63216,-74.0805,Private room,$64.00,1,83,58,20/09/2021,4.79,f,1.88,
18629154,The Blurple Mansion - Childlike Charm,38819962,Thomas,within an hour,100%,97%,t,Tompkinsville,Staten Island,40.62775,-74.08408,Entire home/apt,$92.00,1,121,24,09/09/2021,5,f,1.2,
18669496,Med. sized bdrm in Historical house on Staten Isl.,128338539,Reuben,N/A,N/A,N/A,f,Tompkinsville,Staten Island,40.63199,-74.08111,Private room,$59.00,1,85,34,08/08/2021,4.59,f,1.2,
18755777,Nice and fully furnished room in Staten Island,130493959,Ely,N/A,N/A,N/A,f,Port Richmond,Staten Island,40.63752,-74.13386,Private room,$40.00,30,62,71,11/01/2020,4.7,f,1.36,
18828846,"Private Studio Apartment, Staten Island, NYC",131115416,Kat,N/A,N/A,N/A,f,Emerson Hill,Staten Island,40.6067,-74.11728,Entire home/apt,$39.00,30,0,74,29/08/2020,4.53,f,2.42,
18958323,Tranquility,21190402,David,N/A,N/A,N/A,f,Emerson Hill,Staten Island,40.60355,-74.126,Private room,$65.00,30,0,0,,,f,,
,,,,,,,,,,,,,,,,,,,,,
18993379,"Spacious, light 3BD, big yard, close to all",132266502,Sharlene,within a day,100%,0%,f,Castleton Corners,Staten Island,40.61191,-74.13529,Entire home/apt,$185.00,3,317,1,29/07/2018,5,f,0.03,
19192001,Renovated Cozy and Affordable 33 min to Manhattan,41398005,Mirco,within an hour,100%,100%,f,Arrochar,Staten Island,40.59322,-74.06857,Entire home/apt,$71.00,1,16,82,05/10/2019,4.45,t,1.92,
19236716,a beautiful home,134672751,Louis,N/A,N/A,N/A,f,West Brighton,Staten Island,40.62534,-74.10841,Private room,$200.00,30,365,0,,,t,,
19523894,1-Bdrm Newly Renovated Spacious Apartment,137114793,Nick,within an hour,90%,100%,f,Great Kills,Staten Island,40.56071,-74.14591,Entire home/apt,$105.00,14,135,74,23/10/2021,4.81,f,1.47,
19636727,Private Room.pvt bath/ Balcony Han 04,137999892,Simranjeet,within an hour,100%,94%,t,Concord,Staten Island,40.60652,-74.08755,Private room,$48.00,4,169,50,27/09/2021,4.68,f,1.08,
19691525,Small room in Historical home on Staten Island,128338539,Reuben,N/A,N/A,N/A,f,Stapleton,Staten Island,40.63019,-74.08074,Private room,$52.00,1,88,19,09/10/2021,4.79,f,0.5,
19756641,Large bedroom in a Historical home in Staten Isl.,128338539,Reuben,N/A,N/A,N/A,f,Stapleton,Staten Island,40.62997,-74.08074,Private room,$88.00,1,37,7,03/09/2018,4.86,f,0.17,
19878366,"@Ferry,Large Private Rm,Renovated/Stylish,Views...",117492425,Dine,within a day,93%,17%,f,St. George,Staten Island,40.64473,-74.07899,Private room,$49.00,3,364,92,12/07/2021,4.86,f,1.81,
19929723,Quiet and Comfy Minimalist Han 02,137999892,Simranjeet,within an hour,100%,94%,t,Concord,Staten Island,40.60587,-74.08798,Private room,$43.00,4,161,40,31/07/2021,4.74,f,1.32,
19930489,Queen Sized Bed w Personal 1/2 Bathroom Han 01,137999892,Simranjeet,within an hour,100%,94%,t,Concord,Staten Island,40.60587,-74.08798,Private room,$44.00,4,158,37,11/10/2021,4.81,f,1.06,
19930835,Bare Necessities! Private Room Quiet House ha 03,137999892,Simranjeet,within an hour,100%,94%,t,Concord,Staten Island,40.60587,-74.08798,Private room,$40.00,4,155,46,02/10/2021,4.65,f,1.56,
20305160,Beach House Retreat. 15 minutes from Manhattan.,1715301,Mark,within a day,80%,32%,f,Fort Wadsworth,Staten Island,40.59324,-74.0608,Entire home/apt,$800.00,30,365,0,,,f,,
20572837,Private Room right near SI Ferry,66798529,Courtney,N/A,N/A,N/A,f,St. George,Staten Island,40.64134,-74.07942,Private room,$70.00,31,0,0,,,f,,
20917712,"@FERRY, Private Cozy Room, Renovated&Stylish.",117492425,Dine,within a day,93%,17%,f,St. George,Staten Island,40.64585,-74.08062,Private room,$39.00,4,357,86,11/10/2021,4.87,f,1.76,
21517530,GSG Inn - A totally private historic landmark inn,136214003,Gary,within an hour,100%,100%,t,St. George,Staten Island,40.64727,-74.08402,Entire home/apt,$125.00,3,327,172,04/10/2021,4.91,t,3.82,
21550437,Big City Feel - Small Town Price ka 01 02,43392243,Rita,N/A,N/A,N/A,t,Arrochar,Staten Island,40.59703,-74.08337,Private room,$39.00,4,150,46,12/10/2021,4.57,t,1.03,
21901025,house on the hill with free parking in NYC!,1483578,Spiritchild,N/A,N/A,N/A,f,St. George,Staten Island,40.6438,-74.08443,Private room,$121.00,30,365,88,07/03/2020,4.77,f,1.95,
21981845,A happy home,158178970,Raquel,within an hour,100%,100%,t,Randall Manor,Staten Island,40.62945,-74.12391,Private room,$50.00,3,291,44,10/07/2021,4.84,t,1.72,
22276159,Affordable private room in a home in NYC,12258594,Rosa,N/A,N/A,0%,f,St. George,Staten Island,40.64378,-74.0846,Private room,$75.00,30,239,14,01/03/2020,4.86,f,0.34,
22450373,Private Modern Studio. Super cozy and quiet.,15535829,Jay,within a day,100%,100%,f,West Brighton,Staten Island,40.63435,-74.11374,Entire home/apt,$102.00,2,317,8,23/04/2021,4.88,f,0.27,
22511108,Historical home N.shore Staten Isl. nr FREE ferry.,128338539,Reuben,N/A,N/A,N/A,f,Stapleton,Staten Island,40.62988,-74.08115,Entire home/apt,$175.00,7,178,30,19/07/2021,4.75,f,0.74,
22649404,"@Ferry,2Bedroom/4bed.Private,Renovated/Stylish...",1715301,Mark,within a day,80%,32%,f,Stapleton,Staten Island,40.6336,-74.07766,Entire home/apt,$119.00,30,364,91,31/10/2020,4.87,f,2.1,
22730139,Staten Island full size living space-lower level,167595532,Nabil,N/A,N/A,N/A,f,Arden Heights,Staten Island,40.56162,-74.1837,Entire home/apt,$156.00,30,0,20,08/01/2019,4.11,f,0.53,
22856025,Newly Renovated Guest Room with Private Bath,34635838,Madeline,N/A,N/A,N/A,f,Bull's Head,Staten Island,40.60338,-74.16905,Private room,$46.00,1,0,34,16/05/2019,4.85,f,0.88,
23219361,Cozy Studio near South Beach :-),59966705,Justyna & Arek,within a few hours,100%,71%,t,Arrochar,Staten Island,40.59273,-74.07552,Entire home/apt,$80.00,2,316,60,23/08/2021,4.93,f,1.45,
23247442,"Contemporary Home Away from Home, Entire house",499896,,,,,,Tompkinsville,Staten Island,40.63575,-74.08098,Entire home/apt,$481.00,4,302,76,05/09/2021,4.87,t,2.01,
23336877,Welcoming House near Verrazano Bridge,173823383,Basia,N/A,N/A,N/A,f,Shore Acres,Staten Island,40.60827,-74.07139,Entire home/apt,$150.00,30,0,51,02/07/2019,4.8,f,1.31,
23597323,Staten Island Studio,99270668,Joseph,N/A,N/A,N/A,f,New Dorp,Staten Island,40.56853,-74.11843,Entire home/apt,$40.00,30,0,0,,,t,,
23839013,New 2-Bedrooms on Grymes Hill,148130073,Sebastian,N/A,N/A,N/A,t,Grymes Hill,Staten Island,40.61887,-74.09107,Entire home/apt,$115.00,6,138,123,07/09/2021,4.94,f,3.18,
24019172,Master Ensuite Private Bath,9263105,Wj,within a day,88%,89%,f,New Brighton,Staten Island,40.64374,-74.0949,Private room,$46.00,31,43,2,29/06/2019,5,f,0.63,
24019880,Cozy Ensuite Private Bath,9263105,Wj,within a day,88%,89%,f,New Brighton,Staten Island,40.6438,-74.09177,Private room,$42.00,31,14,1,02/08/2021,4,f,0.32,
24057583,Beautiful Studio Apt,181108819,Friday,N/A,N/A,N/A,f,Clifton,Staten Island,40.61989,-74.08581,Private room,$69.00,2,363,81,04/10/2021,4.23,f,1.87,
24412681,Cozy SI den with multiple with easy access to NYC,184233409,Lisa,a few days or more,0%,80%,f,Port Richmond,Staten Island,40.63241,-74.13834,Entire home/apt,$39.00,2,121,24,10/08/2021,4.67,f,0.6,
24476209,Inexpensive Private Room with NYC / SIUH/ Ka02/02,104812805,Amarjit S,within an hour,100%,98%,f,Concord,Staten Island,40.59807,-74.08416,Private room,$39.00,4,162,15,21/10/2021,4.8,f,3.06,
24573377,Inexpensive Pvt Rm NYC / SIUH/ Rumc,104812805,Amarjit S,within an hour,100%,98%,f,Arrochar,Staten Island,40.59697,-74.08324,Private room,$45.00,4,147,28,24/09/2021,4.68,f,0.66,
24653572,Staten Island retreat.,171590575,Anthony,N/A,N/A,N/A,f,Randall Manor,Staten Island,40.64174,-74.09864,Private room,$109.00,30,0,2,16/05/2018,5,f,0.05,
24868754,Inexpensive Pvt. Rm #3 NYC/SIUH/RUMC/ Amazon/Mall,104812805,Amarjit S,within an hour,100%,98%,f,Arrochar,Staten Island,40.59703,-74.08333,Private room,$39.00,4,76,28,19/02/2021,4.57,t,0.8,
24967000,Gorgeous Apartment,175116422,Karilyn,within an hour,100%,92%,t,Grant City,Staten Island,40.57828,-74.10947,Entire home/apt,$126.00,4,342,41,04/10/2021,4.9,f,1.06,
25127198,Traveler's / Student's Delight Ka 01 03,104812805,Amarjit S,within an hour,100%,98%,f,Arrochar,Staten Island,40.59697,-74.08324,Private room,$39.00,4,163,26,24/09/2021,4.81,f,0.71,
26106086,"Lg bedroom in historic house, modern amenities.",17011664,Ann Marie,a few days or more,0%,0%,f,St. George,Staten Island,40.64728,-74.08572,Private room,$55.00,30,176,0,,,f,,
26274490,Cozy Stay!!,197516314,Genny,N/A,N/A,N/A,f,Port Richmond,Staten Island,40.63552,-74.13363,Private room,$50.00,5,358,25,18/09/2021,4.48,t,0.94,
26331103,"Quiet Room near RUMC (1st floor, Room 2)",32060911,Ervis,within a few hours,100%,74%,t,West Brighton,Staten Island,40.63414,-74.1135,Private room,$40.00,30,279,9,30/10/2021,4.78,f,0.32,
26419487,A medium guest room to rest,33500990,Chian-TiLung,within an hour,100%,100%,f,Clifton,Staten Island,40.61899,-74.08136,Private room,$65.00,3,0,0,,,f,,
26421040,Staten island,198503278,Ihab,within an hour,100%,100%,f,Arrochar,Staten Island,40.59301,-74.07147,Entire home/apt,$169.00,7,330,7,15/10/2021,4.4,t,4.47,
26452047,Near To The City That Never Sleep! #2,3375455,Maria,within a few hours,100%,86%,f,Mariners Harbor,Staten Island,40.62935,-74.16225,Private room,$53.00,30,365,3,15/09/2021,3.67,f,0.13,
26874326,Room with private deck,113295877,Jonathan,within an hour,100%,90%,f,New Brighton,Staten Island,40.63601,-74.09102,Private room,$48.00,3,86,0,,,f,,
26889078,Staten Island Garden Apartment Near Ferry,199535935,Tim,N/A,N/A,N/A,f,St. George,Staten Island,40.646,-74.08647,Entire home/apt,$89.00,30,0,91,08/03/2020,4.91,t,2.4,
27083575,Happy home 2,158178970,Raquel,within an hour,100%,100%,t,Randall Manor,Staten Island,40.6296,-74.12362,Private room,$35.00,3,36,61,16/10/2021,4.87,t,1.96,
27203413,Entire NonSmoking Quiet Private Apartment,204810113,Maria,within an hour,100%,100%,t,New Brighton,,40.63847,-74.09229,Private room,$75.00,3,240,120,31/10/2021,4.92,f,3.18,
27579796,New York home ferry ride from Manhattan.,169567256,Pariis,N/A,N/A,N/A,f,Tompkinsville,Staten Island,40.63204,-74.09195,Private room,$90.00,2,0,1,04/11/2018,5,f,0.03,
27700747,Beach-side basement media room,145245549,Dawid,N/A,N/A,N/A,f,New Dorp Beach,Staten Island,40.56614,-74.10312,Private room,$65.00,3,163,30,28/08/2021,4.63,f,0.77,
27852410,Close To Brooklyn w/ Queen Sized Bed Ka 0101,104812805,Amarjit S,within an hour,100%,98%,f,Arrochar,Staten Island,40.59703,-74.08328,Private room,$45.00,4,140,35,11/09/2021,4.66,f,4.2,
27910595,"Cozy&Clean Suite-private entry, bedroom & bathroom",210843289,Tajudeen,within an hour,100%,100%,t,Mariners Harbor,Staten Island,40.63206,-74.15362,Private room,$89.00,2,59,178,23/10/2021,4.85,f,5.86,
27967621,"Private Guest Suite Near RUMC, Ferry, Parks",13974626,Carrie,within an hour,100%,100%,t,Randall Manor,Staten Island,40.63607,-74.09631,Entire home/apt,$10.00,2,234,88,15/08/2021,4.92,f,3.19,
28031322,"Staten Island Gem,  4 bedroom duplex in St. George",196770644,Rafael,within an hour,100%,99%,t,Stapleton,Staten Island,40.63652,-74.07553,Entire home/apt,$152.00,2,319,89,25/10/2021,4.91,f,2.36,
28085121,Cozy Manhattan view one bedroom .,212147885,Alisa,N/A,N/A,N/A,f,Tompkinsville,Staten Island,40.63629,-74.07918,Entire home/apt,$99.00,7,216,5,17/08/2021,4.6,f,0.22,
28121595,☀Sunny & Comfy | 5★ Location | Spacious Yard | Pkg,301836,Lana,within a few hours,100%,88%,t,Midland Beach,Staten Island,40.57552,-74.09086,Entire home/apt,$275.00,7,50,7,01/11/2021,4.67,f,0.25,
28431734,Bright 2- Room apartment in a house next to train.,55004447,Olga,N/A,N/A,N/A,f,Huguenot,Staten Island,40.5412,-74.17442,Private room,$36.00,30,0,7,08/01/2019,4.2,f,0.2,
29410055,Charming townhouse  close to all,199539833,Vince,within an hour,100%,100%,t,Concord,Staten Island,40.60556,-74.08122,Entire home/apt,$149.00,90,364,21,23/07/2019,5,f,0.68,
29431457,Large Studio Apartment on Todt Hill,146363617,Michael,N/A,N/A,N/A,t,Todt Hill,Staten Island,40.58612,-74.10824,Entire home/apt,$59.00,29,157,14,12/05/2021,5,f,0.44,
29517676,Spacious & Comfortable Suite w/ Private Entry/Bath,72001588,Dave,within an hour,100%,93%,t,West Brighton,Staten Island,40.62692,-74.11346,Private room,$80.00,2,0,71,26/09/2021,4.92,f,2.49,
29635732,Newly Renovated Spacious 2 Bedroom Apartment!,63227531,Marwa,within an hour,100%,95%,t,Castleton Corners,Staten Island,40.62685,-74.12275,Entire home/apt,$140.00,2,347,47,31/10/2021,4.91,f,1.57,
29701014,Clean and spacious three bedrooms apartment,223504937,Ellouise,within an hour,100%,98%,t,Randall Manor,Staten Island,40.62912,-74.12839,Entire home/apt,$107.00,4,312,88,31/10/2021,4.84,f,2.84,
30003335,"The Right Direction Cottage2 Safe, clean and quiet",225530795,Olufemi,N/A,N/A,100%,t,West Brighton,Staten Island,40.6286,-74.11558,Private room,$60.00,30,308,20,31/03/2021,4.95,f,0.8,
30082958,★ PRIVATE NYC STUDIO★STEPS FROM TRAIN★QUEEN BED★,73183897,Michael,within a few hours,90%,50%,t,Dongan Hills,Staten Island,40.58389,-74.10492,Entire home/apt,$70.00,3,41,40,29/12/2019,4.88,f,1.41,
30291704,Beautiful Apartment in Staten Island,207856540,Meir,N/A,N/A,N/A,f,New Springville,Staten Island,40.58892,-74.1568,Entire home/apt,$115.00,2,177,60,07/09/2021,4.17,t,1.9,
30877996,Private NYC loft by the beach,31307082,Veronica,within an hour,90%,97%,f,Arrochar,Staten Island,40.59149,-74.07702,Entire home/apt,$115.00,3,357,79,04/10/2021,4.34,f,2.57,
31103559,Three bedrooms house,228608906,Linda,N/A,N/A,N/A,f,Arrochar,Staten Island,40.58935,-74.07147,Private room,$75.00,30,0,19,10/12/2019,4.67,t,0.56,
31119799,1 ROOM IN 2 BEDROOMS APARTMENT,33500990,Chian-TiLung,within an hour,100%,100%,f,Clifton,Staten Island,40.61965622,-74.08143955,Private room,$85.00,3,178,0,,,f,,
31218310,No CLeaning Fees —-Q,233485864,Jeannie,within an hour,100%,98%,t,New Dorp Beach,Staten Island,40.56653,-74.10441,Private room,$90.00,1,341,170,28/10/2021,4.84,f,5.4,
31905458,Habitacion disponible para turistas Staten Island,239180752,Edinson Jose,a few days or more,0%,0%,f,Tompkinsville,Staten Island,40.6376,-74.0784,Private room,$50.00,30,179,0,,,t,,
31957975,"Entire 2 Bedroom Apartment, Private Entrance",236334741,Wendy,within an hour,100%,100%,f,Rosebank,Staten Island,40.61572,-74.0671,Private room,$85.00,1,80,136,09/10/2021,4.65,t,4.39,
32206003,MedStudents/Travel Nurses/Drs Near SIUH Walk2Train,241676154,Maria,N/A,N/A,N/A,f,Grant City,Staten Island,40.57926,-74.1082,Private room,$37.00,30,69,4,10/04/2021,4.75,f,0.14,
32381165,"Elegant & Luxurious, Clean & Cheerful entire house",499896,,,,,,Stapleton,Staten Island,40.62725,-74.08235,Entire home/apt,$504.00,4,295,42,29/08/2021,4.69,t,1.36,
32502180,1-Bedroom Newly Renovated Cozy Apartment,244217480,Vlad,within an hour,100%,100%,t,Arden Heights,Staten Island,40.54652,-74.17551,Entire home/apt,$108.00,30,365,13,19/10/2021,4.92,t,0.49,
32545866,1 female only looking to relax get some rest!,244544373,Valerie,within an hour,100%,100%,f,Richmondtown,Staten Island,40.5734,-74.13084,Private room,$105.00,1,364,4,14/08/2021,3.75,f,0.16,
32546557,6 MIN 2 SIUH WALK 2TRAIN MEDSTUDENTS/Drs/TRAVELERS,241676154,Maria,N/A,N/A,N/A,f,Grant City,Staten Island,40.57746,-74.11037,Private room,$39.00,30,91,2,11/02/2020,5,f,0.09,
32795950,Spacious Room in Beautiful Private House,246717334,Denise,N/A,N/A,75%,f,Mariners Harbor,Staten Island,40.64076,-74.16641,Private room,$55.00,1,122,26,08/02/2020,4.85,t,0.87,
32890299,MALE or COUPLE can ride free ferry manhattan&back!,244544373,Valerie,within an hour,100%,100%,f,St. George,Staten Island,40.63794,-74.08271,Private room,$110.00,1,364,6,25/07/2021,4.67,f,0.21,
33097219,New Family friendly home  in Staten island!,249104360,Arkady,N/A,N/A,N/A,f,Grymes Hill,Staten Island,40.61483,-74.08846,Entire home/apt,$250.00,5,137,18,25/10/2021,4.78,f,0.6,
33242348,1 room in private house - 15 mins to NYC & Ferry,161357125,Mohsin,N/A,N/A,100%,f,Emerson Hill,Staten Island,40.60862,-74.11774,Private room,$249.00,3,89,7,26/07/2019,4.43,f,0.24,
33760723,Spacious Studio with easy access to NYC,211400652,Viktor,N/A,N/A,N/A,f,Rossville,Staten Island,40.55766,-74.19794,Entire home/apt,$95.00,30,30,10,15/12/2019,4.7,f,0.41,
34256727,"Private, Cozy, 1 Bedroom Escape! Near all!",49216953,Marina,within an hour,100%,98%,t,Midland Beach,Staten Island,40.57548,-74.09462,Entire home/apt,$113.00,2,355,59,31/10/2021,4.95,f,15.95,
34258883,MEDPROFESSIONALS TRAVEL NURSES BY HOSP WALK 2TRAIN,241676154,Maria,N/A,N/A,N/A,f,Grant City,Staten Island,40.579,-74.1102,Private room,$35.00,30,152,5,13/07/2021,5,f,0.36,
34278935,"2 Bedroom, walk to Staten Island Ferry to Manht.",256966373,Amir,within an hour,100%,96%,t,St. George,Staten Island,40.64475,-74.0782,Entire home/apt,$137.00,3,198,35,18/10/2021,4.86,f,1.69,
34312163,Chic Place/8 minutes to S.I. Hospital,95570540,Ilene,within an hour,95%,96%,t,Oakwood,Staten Island,40.5591,-74.11823,Entire home/apt,$153.00,2,172,13,18/10/2021,4.58,f,0.53,
34443205,"""Hop and Skip to NYC""",35819327,Annette,N/A,N/A,N/A,f,Rosebank,Staten Island,40.6156,-74.06649,Entire home/apt,$135.00,30,0,14,08/12/2019,4.79,t,0.51,
34444541,Private and comfortable apartment!!,210008453,Ana,N/A,N/A,N/A,f,Port Richmond,Staten Island,40.63795,-74.13881,Entire home/apt,$69.00,1,0,4,06/02/2020,4.5,f,0.18,
34652720,Stunning Modern Farmhouse,175116422,Karilyn,within an hour,100%,92%,t,Grant City,Staten Island,40.58032,-74.11117,Entire home/apt,$123.00,4,342,43,04/10/2021,4.81,f,1.56,
34835762,Central Hall Colonial with Free Parking Bus EXP NY,252051657,Anastasios,N/A,N/A,N/A,f,Prince's Bay,Staten Island,40.53125,-74.20135,Entire home/apt,$650.00,30,0,0,,,t,,
34844071,"COZY GETAWAY, WALK 2 BEACH & RELAX, 15 Min to NYC!",56306339,Al,N/A,N/A,100%,t,Midland Beach,Staten Island,40.57455,-74.09366,Entire home/apt,$90.00,15,364,5,30/06/2021,4.6,t,0.19,
34858865,"Private home next to beach,transport,parking",32162495,Mostafa,within a day,88%,87%,f,Eltingville,Staten Island,40.53911,-74.15396,Entire home/apt,$149.00,10,0,0,,,f,,
34859647,St. George Garden Apartment by S.I. Ferry + N.Y.C!,180740272,Kymberly,within an hour,100%,97%,t,St. George,Staten Island,40.6418,-74.0807,Entire home/apt,$150.00,3,60,24,01/11/2021,4.96,t,1.67,
35069416,"Big Room W/Makeshift Partition, MiniFridge Han 05",137999892,Simranjeet,within an hour,100%,94%,t,Concord,Staten Island,40.60642,-74.08736,Shared room,$40.00,4,89,11,26/08/2021,4.36,t,0.4,
35155873,The Crazy Cute Condo,67319584,Monika,within a day,100%,40%,f,Randall Manor,Staten Island,40.64059,-74.09686,Entire home/apt,$129.00,1,144,6,16/10/2020,5,f,0.42,
35262025,Comfy & Quiet 1 Bedroom,137872939,Mario & Eloise,N/A,N/A,N/A,t,Emerson Hill,Staten Island,40.60548,-74.13315,Private room,$68.00,30,365,9,10/06/2020,5,f,0.32,
35455986,Newly renovated 1 bedroom apartment!,63227531,Marwa,within an hour,100%,95%,t,West Brighton,Staten Island,40.62866,-74.12162,Entire home/apt,$99.00,2,347,14,18/10/2021,4.86,f,0.48,
35516587,3 bedroom house on a beach & 50 min to Manhattan,153561136,Irene,N/A,N/A,N/A,f,New Dorp Beach,Staten Island,40.5597,-74.10079,Entire home/apt,$130.00,30,0,5,10/09/2019,4.4,t,0.19,
35619073,"Studio Apartment, Walk to Ferry.",256966373,Amir,within an hour,100%,96%,t,St. George,Staten Island,40.64333,-74.07799,Entire home/apt,$126.00,3,55,38,01/11/2021,4.97,f,1.36,
35901040,Private Cozy Three Bedroom apartment for 8,92493393,Lois,within a few hours,100%,92%,f,West Brighton,Staten Island,40.63154,-74.11485,Entire home/apt,$150.00,2,305,6,02/01/2020,3.8,f,0.22,
36152335,The Boathouse,55602526,Scott,N/A,N/A,N/A,f,Great Kills,Staten Island,40.54046,-74.14322,Entire home/apt,$229.00,3,0,3,13/08/2019,0,f,0.11,
36267546,NO Cleaning FEES-F,233485864,Jeannie,within an hour,100%,98%,t,New Dorp Beach,Staten Island,40.56482,-74.10287,Private room,$90.00,1,358,110,19/10/2021,4.85,t,4.9,
37097297,Quiet & clean haven close to all amenities,22095575,John,within an hour,100%,100%,f,Randall Manor,Staten Island,40.62726,-74.12786,Entire home/apt,$125.00,3,296,0,,,f,,
37114037,Cute Victorian with easy access to express buses!,47585809,Jessica,within an hour,100%,97%,t,Grymes Hill,Staten Island,40.6134,-74.08952,Entire home/apt,$146.00,3,241,20,29/06/2021,4.9,f,0.96,
37174171,Country like house with easy access to city lights,279728593,Mohamed,N/A,N/A,N/A,f,Concord,Staten Island,40.60243,-74.07695,Private room,$100.00,1,0,0,,,t,,
37419775,"FREE ferry to FiDi, renovated house next to RUMC",9860977,Maria,N/A,N/A,N/A,f,West Brighton,Staten Island,40.62759,-74.10732,Entire home/apt,$130.00,30,0,5,30/12/2019,5,f,0.19,
37720576,25 mins NYC Beautiful 2 Bedroom close to all,21194343,Marisa,within a few hours,100%,63%,t,Stapleton,Staten Island,40.62859,-74.07695,Entire home/apt,$99.00,30,271,25,01/07/2021,4.96,f,1.12,
37796664,Spacious and quiet,90453529,Maria,N/A,N/A,N/A,f,Arrochar,Staten Island,40.59073,-74.08005,Entire home/apt,$250.00,30,178,0,,,f,,
37809572,"Large Quiet Room near RUMC (1st Floor, Room 1)",32060911,Ervis,within a few hours,100%,74%,t,West Brighton,Staten Island,40.63455,-74.11389,Private room,$45.00,30,308,6,28/06/2021,5,f,0.24,
37899470,Charming Home Historic Neighborhood,107259716,Sal,within a day,80%,0%,f,St. George,Staten Island,40.64575,-74.08655,Entire home/apt,$109.00,30,365,0,,,f,,
38092217,GREEN YARD,197592915,Alex,N/A,N/A,N/A,f,Clifton,Staten Island,40.61993,-74.07329,Private room,$55.00,30,0,12,11/11/2019,4.5,t,0.48,
38215588,GREAT 4 MED PROFESSIONALS NEAR HOSP. WALK 2 TRAIN,241676154,Maria,N/A,N/A,N/A,f,Grant City,Staten Island,40.57935,-74.1101,Private room,$33.00,30,161,4,15/09/2021,4.25,f,0.16,
,,,,,,,,,,,,,,,,,,,,,
38493103,"@Ferry,2Bedroom/3bed.Private,Renovated/Stylish...",1715301,Mark,within a day,80%,32%,f,Tompkinsville,Staten Island,40.63534,-74.07928,Entire home/apt,$116.00,30,364,25,24/11/2020,4.84,f,1.11,
38645666,Stylish and Cozy One Bedroom,274605727,Renata,within a few hours,88%,100%,f,Arrochar,Staten Island,40.59787,-74.06296,Entire home/apt,$75.00,30,364,7,04/03/2021,5,f,0.38,
38725189,Making it easy for large families to travel!,284090766,Dierdre,within an hour,100%,87%,t,West Brighton,Staten Island,40.63358,-74.11297,Entire home/apt,$170.00,2,145,51,10/10/2021,4.98,f,2.22,
38815987,Cozy Place,296980707,Paola,within an hour,100%,97%,f,Rossville,Staten Island,40.5479,-74.21088,Private room,$70.00,1,33,47,25/10/2021,4.64,t,9.86,
38866096,"Right Direction Cottage 3 Quiet, Clean and Private",225530795,Olufemi,N/A,N/A,100%,t,West Brighton,Staten Island,40.63033,-74.11345,Private room,$60.00,30,121,22,05/11/2020,4.73,f,1,
38871574,Right Direction Cottage1 Private & Cozy NYC FINEST,225530795,Olufemi,N/A,N/A,100%,t,West Brighton,,40.63045,-74.11493,Private room,$60.00,30,278,3,05/12/2019,4.67,f,0.12,
38947926,one bed apartment in the heart of staten island,298304737,Mehmet,within an hour,90%,89%,f,Mariners Harbor,Staten Island,40.62667,-74.15076,Entire home/apt,$120.00,2,173,17,20/08/2021,4.18,f,2.48,
39083120,Victorian Film Location,2675644,Alissa,within an hour,83%,66%,f,Randall Manor,Staten Island,40.64167,-74.09808,Entire home/apt,$850.00,30,365,0,,,f,,
39125813,Brand new construction nobody lived before 750sq,77290831,Nas,within a day,100%,N/A,f,Prince's Bay,Staten Island,40.52339,-74.20517,Entire home/apt,$118.00,7,179,0,,,f,,
39180803,Three bedroom in the house,228608906,Linda,N/A,N/A,N/A,f,Arrochar,Staten Island,40.59116,-74.06959,Private room,$75.00,30,0,2,18/03/2020,5,t,0.09,
39203297,Cozy Little One Bedroom,299164175,Cedric,N/A,N/A,0%,f,Concord,Staten Island,40.60376,-74.07816,Entire home/apt,$110.00,30,0,0,,,t,,
39227915,WiFi & Internet Cozy S.I. Long Stays and Business,299732232,Fernando,within an hour,100%,91%,t,Howland Hook,Staten Island,40.62468,-74.16731,Entire home/apt,$138.00,3,337,55,25/10/2021,4.91,f,2.25,
39272481,Quite and confortable space un Staten Island,230085076,Felipe,N/A,N/A,N/A,f,Mariners Harbor,Staten Island,40.63301,-74.14626,Private room,$55.00,30,0,0,,,t,,
39336993,Breakfast nook,302138294,Al,within an hour,100%,88%,f,Shore Acres,Staten Island,40.61129,-74.06357,Private room,$66.00,2,361,5,13/08/2021,4,f,0.2,
39672049,Charming  Two Bedroom Suite,300577516,Libia,within a few hours,100%,50%,f,Clifton,Staten Island,40.6209,-74.07516,Private room,$80.00,30,339,8,17/07/2020,4.88,f,0.36,
39903508,Home away from home. So comfy you wanna come back,307362200,Gigi,within an hour,100%,98%,f,New Springville,Staten Island,40.59339,-74.16128,Entire home/apt,$151.00,2,168,34,29/10/2021,4.41,f,3.58,
40039217,Cosy Private bedroom in a 2 storey house in SI,87346764,Pooja,N/A,N/A,N/A,t,St. George,Staten Island,40.64499,-74.08432,Private room,$42.00,30,0,6,03/01/2020,5,f,0.26,
40086154,Clean space,302138294,Al,within an hour,100%,88%,f,Shore Acres,Staten Island,40.61225,-74.06337,Private room,$169.00,1,364,2,05/07/2021,5,f,0.09,
40156479,Entire House In Staten Island Close to Ferry,5816670,John,within an hour,100%,92%,t,Rosebank,Staten Island,40.61183,-74.07265,Entire home/apt,$127.00,3,8,2,04/01/2020,5,f,0.09,
40172219,Private Master Bedroom walk-in closet close to NYC,87346764,Pooja,N/A,N/A,N/A,t,St. George,Staten Island,40.64482,-74.08592,Private room,$40.00,30,0,9,30/12/2019,5,f,0.39,
40197518,"Modern, Cozy Studio Apartment",212526336,Mike,a few days or more,0%,0%,f,Bull's Head,Staten Island,40.60394,-74.16678,Entire home/apt,$60.00,30,124,31,02/06/2020,4.9,f,1.39,
40453546,Clean and cozy apartment,312977896,Julie Ann,within an hour,100%,95%,t,Grymes Hill,Staten Island,40.6102,-74.09122,Entire home/apt,$73.00,1,82,51,27/10/2021,4.92,f,12.64,
40597487,Large Modern 4 bedroom duplex @ Ferry. 7 beds.,1715301,Mark,within a day,80%,32%,f,Tompkinsville,Staten Island,40.63351,-74.0791,Entire home/apt,$195.00,30,365,0,,,f,,
40598227,Very quite and clean place,171446547,Xiomara,within an hour,100%,0%,t,Port Richmond,Staten Island,40.62773,-74.13181,Private room,$70.00,30,152,10,08/03/2020,4.9,f,0.5,
40734111,Cottage style stay w/ jacuzzi near ferry,83102592,Wanda,within an hour,90%,98%,t,St. George,Staten Island,40.64061,-74.08582,Entire home/apt,$97.00,2,40,50,31/10/2021,4.78,t,5.54,
40897425,A home away from home,168240837,Quaneisha,within a day,67%,60%,f,Mariners Harbor,Staten Island,40.63561,-74.15415,Entire home/apt,$60.00,1,247,32,14/09/2020,4.44,f,1.42,
41007370,Beautiful room in West New Brighton. Near ferry.,174786681,Sara I,within an hour,100%,100%,t,Randall Manor,Staten Island,40.63587,-74.1213,Private room,$48.00,7,68,6,01/09/2021,5,f,0.76,
41105251,LRG RM PVT BATHROOM MIN WALK 2 TRAIN NEAR HOSPITAL,241676154,Maria,N/A,N/A,N/A,f,Grant City,Staten Island,40.5775,-74.11038,Private room,$39.00,30,54,3,09/07/2021,5,f,1.01,
41270387,Modern Apartment in Historic Home,53771409,Joe & Maria,within a day,100%,100%,f,Tompkinsville,Staten Island,40.63286,-74.08022,Entire home/apt,$135.00,30,306,1,25/08/2020,5,f,0.07,
41614248,"Silver Lake House, hop, skip, jump from Manhattan",328114678,Sharon,within an hour,100%,99%,t,Tompkinsville,Staten Island,40.63205,-74.09133,Entire home/apt,$95.00,3,0,56,01/11/2021,4.96,f,2.9,
41634451,Beautiful one bedroom apartment,328405822,Cristina,within a few hours,100%,100%,t,Mariners Harbor,Staten Island,40.63686,-74.1537,Entire home/apt,$55.00,15,53,7,30/09/2021,5,f,0.34,
41875001,Modern & Comfy | Near Beach & Hospital | ♛King Bed,301836,Lana,within a few hours,100%,88%,t,Midland Beach,Staten Island,40.57201,-74.09182,Entire home/apt,$175.00,21,326,4,06/09/2021,5,f,1.67,
42067285,Countryn living,113295877,Jonathan,within an hour,100%,90%,f,New Brighton,Staten Island,40.63651,-74.08917,Private room,$56.00,3,321,15,08/10/2021,4.47,f,2.16,
42160230,Think of us as your  home Away from home.,110240064,Sandra,N/A,N/A,N/A,f,New Brighton,Staten Island,40.638,-74.08768,Entire home/apt,"$1,200.00",30,89,0,,,t,,
42495508,2 Bedroom on the Upper Bay unit B,338412156,Michael,within a few hours,100%,99%,t,St. George,Staten Island,40.64578,-74.08509,Entire home/apt,$125.00,3,356,12,01/11/2021,4.5,f,0.69,
42643177,Staten Island - South Beach,61172932,Mariam,within an hour,100%,97%,t,Midland Beach,Staten Island,40.57303,-74.08528,Entire home/apt,$150.00,2,149,54,19/10/2021,4.85,f,3.15,
42871724,Cozy apartment NYC Upper Bay Unit A,338412156,Michael,within a few hours,100%,99%,t,St. George,Staten Island,40.64412,-74.08442,Entire home/apt,$100.00,3,149,17,01/11/2021,4.82,f,4.15,
42914015,Newly Renovated,294015297,Molara,within a few hours,100%,100%,f,West Brighton,Staten Island,40.63304,-74.12164,Private room,$56.00,1,362,6,30/10/2021,3.67,t,0.84,
42940158,Tranquil Retreat Outside NYC,341898315,Kimberly,within a few hours,100%,91%,t,New Dorp,Staten Island,40.5767,-74.11622,Entire home/apt,$195.00,2,141,30,17/10/2021,5,f,2.93,
43185808,Staten Island Charm,23815582,The Travel,within an hour,100%,94%,t,Tompkinsville,Staten Island,40.63354,-74.09364,Entire home/apt,$78.00,3,316,6,01/10/2021,4.33,t,0.41,
43197566,2 bed room minutes away from NYC unit C,338412156,Michael,within a few hours,100%,99%,t,St. George,Staten Island,40.64557,-74.08443,Entire home/apt,$135.00,3,351,13,01/11/2021,4.62,f,5.27,
43605445,Residency NYC Luxury Apartment RUMC/Wagner welcome,22369387,Waleed,within an hour,100%,97%,t,Silver Lake,Staten Island,40.61842,-74.10242,Entire home/apt,$115.00,2,214,61,23/10/2021,4.93,f,61,
43913971,"Cozy, charming Carriage House in NYC near Downtown",12421549,Vivian,N/A,N/A,100%,f,Shore Acres,Staten Island,40.61009,-74.06171,Entire home/apt,$300.00,30,282,0,,,f,,
44191733,Amazing Fully Renovated 1 Bedroom Apt,91744364,Jon,within an hour,100%,71%,f,Grant City,Staten Island,40.57877,-74.11005,Entire home/apt,$94.00,3,364,9,26/09/2021,4.78,f,0.6,
44249049,5 star apartment/Private entrance/Apple TV/cooking,121399223,Weifeng(Daniel),within an hour,100%,94%,t,Tompkinsville,Staten Island,40.6337,-74.08355,Entire home/apt,$96.00,2,242,81,01/11/2021,4.77,f,5.55,
44251069,Amazing Room close to RMCU and SIUH,356623718,Aicha,within an hour,100%,97%,f,Stapleton,Staten Island,40.62817,-74.07965,Private room,$65.00,2,80,12,31/10/2021,4.75,f,9.73,
44251682,Cozy Room w/bathroom perfect for medical staffs,356623718,Aicha,within an hour,100%,97%,f,Stapleton,Staten Island,40.62667,-74.0798,Private room,$70.00,2,65,6,10/10/2021,4.33,f,0.46,
44283460,Two bedrooms/cooking/private/parking/APPLE TV,121399223,Weifeng(Daniel),within an hour,100%,94%,t,Tompkinsville,Staten Island,40.63539,-74.08145,Entire home/apt,$159.00,4,150,54,25/10/2021,4.63,f,40.5,
44288244,Huge Private Room/Suite @ Ferry.,117492425,Dine,within a day,93%,17%,f,St. George,Staten Island,40.64584,-74.0792,Private room,$49.00,30,364,1,05/09/2020,5,f,0.07,
44322571,Rosebank Townhome,299411542,Karen,N/A,N/A,N/A,f,Clifton,Staten Island,40.61968,-74.06875,Private room,$300.00,30,179,0,,,f,,
44322911,Oakwood Room,299411542,Karen,N/A,N/A,N/A,f,Richmondtown,Staten Island,40.56635,-74.13037,Private room,$150.00,30,179,0,,,t,,
44415969,Style Home away from home,121399223,Weifeng(Daniel),within an hour,100%,94%,t,Tompkinsville,Staten Island,40.63564,-74.08153,Entire home/apt,$179.00,5,145,30,06/09/2021,4.77,f,1.96,
45175578,Private Apartment with a View,104639566,Daniel,N/A,N/A,N/A,f,Stapleton,Staten Island,40.63072,-74.07446,Private room,$308.00,3,364,0,,,f,,
45591558,"@FERRY, Private&Cozy Room, Renovated&Stylish.",117492425,Dine,within a day,93%,17%,f,St. George,Staten Island,40.6454,-74.08082,Private room,$39.00,3,350,3,23/10/2020,5,f,2.2,
45674595,CONVENIENT LOCATION TO SIUH & RUMC MIN WALK 2TRAIN,241676154,Maria,N/A,N/A,N/A,f,Grant City,Staten Island,40.57811,-74.11,Private room,$35.00,30,104,1,15/08/2021,4,f,0.37,
45698590,Penthouse on the hilltop,80470317,Sergey,within a few hours,100%,94%,f,Clifton,Staten Island,40.6237,-74.07517,Entire home/apt,$145.00,1,323,13,30/08/2021,4.08,f,11.14,
45773311,"Eclectic Private New Apartment  Westerleigh, S.I.",194927513,Melissa,within an hour,100%,95%,t,Westerleigh,Staten Island,40.61785,-74.1352,Entire home/apt,$90.00,2,143,50,31/10/2021,4.84,t,10.64,
45775212,"A Unique place, very convenient and comfortable..",143194785,Roman,within an hour,100%,92%,f,Eltingville,Staten Island,40.53887,-74.14247,Entire home/apt,$500.00,2,178,0,,,t,,
45785639,Lovely  House near New York City with a pool,371181926,Wimal,within a few hours,100%,88%,f,Arden Heights,Staten Island,40.54745,-74.1789,Entire home/apt,$299.00,4,39,21,23/10/2021,4.86,f,2.03,
45897458,Cozy home away from home,121399223,Weifeng(Daniel),within an hour,100%,94%,t,Tompkinsville,Staten Island,40.63383,-74.08373,Entire home/apt,$210.00,4,330,30,03/10/2021,4.67,f,2.82,
45956372,Staten Island Home with a Patio,372558343,Anatoly,a few days or more,0%,0%,f,Concord,Staten Island,40.60787,-74.09033,Entire home/apt,$100.00,2,345,1,03/11/2020,3,f,0.08,
46436269,Enjoy Entire Apt./Private Entrance/Free Parking,375692991,Jovanna,within a few hours,92%,98%,f,St. George,Staten Island,40.64142,-74.08346,Entire home/apt,$85.00,2,148,47,19/10/2021,4.66,t,19.58,
46510270,The Cozy Blue House - Charming Home Near SI Ferry,376179374,Paula,within an hour,100%,100%,t,Grymes Hill,Staten Island,40.61169,-74.08928,Entire home/apt,$281.00,2,237,51,31/10/2021,4.98,t,34.77,
46548617,Private room w/Private Half bathroom,197516314,Genny,N/A,N/A,N/A,f,Port Richmond,Staten Island,40.63373,-74.13372,Private room,$55.00,5,339,2,04/06/2021,5,f,0.21,
46906737,"@ Ferry Huge Private Space, 2Beds",117492425,Dine,within a day,93%,17%,f,St. George,Staten Island,40.64399,-74.08063,Private room,$99.00,2,364,1,25/07/2021,5,f,0.29,
46907503,@Ferry Huge Private Loft 2Beds,117492425,Dine,within a day,93%,17%,f,St. George,Staten Island,40.64633,-74.07951,Private room,$95.00,2,360,2,15/10/2021,4.5,f,2,
46991303,COZY & ALL PRIVATE SPACE  close to RUMC & SIUH,379883703,Desmond,within an hour,100%,97%,t,Port Richmond,Staten Island,40.63164,-74.13201,Private room,$85.00,1,334,16,17/10/2021,4.81,t,16,
47009616,1 bedroom apartment near Staten Island ferry,260396179,Beni,within an hour,100%,80%,f,Tompkinsville,Staten Island,40.63442,-74.08708,Entire home/apt,$104.00,5,70,5,23/10/2021,4.2,f,0.72,
47025695,5 min from ferry!! Comfortable area,245400249,Christopher,within a few hours,83%,100%,f,St. George,Staten Island,40.6391,-74.07895,Private room,$120.00,1,365,3,15/08/2021,5,f,0.3,
47052038,The Island Pad,112573606,Mackenson,within a day,50%,38%,f,Randall Manor,Staten Island,40.63876,-74.12414,Entire home/apt,$110.00,2,88,1,31/03/2021,5,f,0.14,
47080388,Modern luxury studio with all amenities,85852882,Zak,within a few hours,100%,100%,f,Shore Acres,Staten Island,40.60442,-74.0688,Entire home/apt,$69.00,30,172,2,04/09/2021,5,f,0.29,
47250386,Beautiful Private Room in NYC near RUMC F2R2,356623718,Aicha,within an hour,100%,97%,f,Tompkinsville,Staten Island,40.63235,-74.09291,Private room,$65.00,3,284,6,20/10/2021,5,f,0.72,
47250831,Modern Private Room in NYC close to RUMC,356623718,Aicha,within an hour,100%,97%,f,Tompkinsville,Staten Island,40.63313,-74.09093,Private room,$65.00,2,258,6,08/10/2021,4.5,f,1.45,
47251940,Large Private Room with easy access to SIUH & RMCU,356623718,Aicha,within an hour,100%,97%,f,Stapleton,,40.62645,-74.07967,Private room,$70.00,2,334,5,17/10/2021,4.2,f,0.5,
47286267,Large Bedroom with Ensuite BR minutes from RUMC,356623718,Aicha,within an hour,100%,97%,f,Tompkinsville,Staten Island,40.63133,-74.0912,Private room,$75.00,2,307,2,20/10/2021,5,t,0.21,
47355990,Private Apt near Ferry to NYC and Park with Lake,32162495,Mostafa,within a day,88%,87%,f,Silver Lake,Staten Island,40.63133,-74.09559,Entire home/apt,$102.00,2,349,5,02/10/2021,4.2,f,0.6,
47402779,"@ Ferry HUGE Private space, 2 Beds",1715301,Mark,within a day,80%,32%,f,Tompkinsville,Staten Island,40.63566,-74.07903,Private room,$95.00,2,308,0,,,f,,
47406799,Beachfront Cozy 5 star Studio,121399223,Weifeng(Daniel),within an hour,100%,94%,t,Arrochar,Staten Island,40.58731,-74.07161,Entire home/apt,$98.00,3,0,67,03/11/2021,4.89,f,7.47,
47848650,Private Room perfect for medical Staff and student,356623718,Aicha,within an hour,100%,97%,f,Tompkinsville,Staten Island,40.63363,-74.09242,Private room,$65.00,3,331,1,09/07/2021,5,f,0.25,
47848693,Gorgeous Private room in NYC blocks from RUMC F1R1,356623718,Aicha,within an hour,100%,97%,f,Tompkinsville,Staten Island,40.6318,-74.09272,Private room,$55.00,2,278,1,04/07/2021,5,f,0.24,
47858654,Charming 3-Bed. House with Verrazzano Bridge Views,33701866,Sergii,within a day,100%,75%,f,St. George,Staten Island,40.63741,-74.08474,Entire home/apt,$119.00,2,159,16,23/09/2021,4.63,f,3.48,
48070696,NEAR SIUH & RUMC WALK TO TRAIN/STORES,241676154,Maria,N/A,N/A,N/A,f,Grant City,Staten Island,40.57955,-74.11033,Private room,$33.00,30,141,3,28/08/2021,4.67,f,0.41,
48214743,Modern Luxury Loft nearby RUMC,356623718,Aicha,within an hour,100%,97%,f,Tompkinsville,Staten Island,40.63371,-74.0928,Entire home/apt,$100.00,2,294,3,31/10/2021,5,f,0.46,
48280019,Cozy Apartment for Couples visiting/working in NYC,20902376,Bonnie,N/A,N/A,N/A,f,West Brighton,Staten Island,40.6335,-74.11639,Entire home/apt,$75.00,2,216,9,22/08/2021,5,t,1.29,
48402078,The Height of staten island!,24580977,Ed,N/A,N/A,N/A,t,New Brighton,Staten Island,40.64041,-74.08834,Entire home/apt,$142.00,1,157,51,30/10/2021,4.8,f,7.89,
48503146,Full 1 bedroom apartment,391400443,Veton,within a few hours,100%,50%,f,Prince's Bay,Staten Island,40.53138,-74.19113,Entire home/apt,$89.00,5,61,1,21/10/2021,5,f,1,
48519376,SIUH/RUMC/NYC MIN WALK TO TRAIN MED STUDENTS/Drs.,241676154,Maria,N/A,N/A,N/A,f,Grant City,Staten Island,40.57973,-74.11029,Private room,$36.00,30,156,1,17/07/2021,5,f,0.27,
48661038,jack place,10259705,Benny,within a day,80%,100%,t,New Springville,Staten Island,40.58325,-74.15221,Entire home/apt,$255.00,5,66,7,31/10/2021,4.86,t,1.89,
48758785,Frontbeach Love Home#Private#Free parking#cook,121399223,Weifeng(Daniel),within an hour,100%,94%,t,Arrochar,Staten Island,40.58541,-74.07033,Entire home/apt,$98.00,3,246,42,24/10/2021,4.86,f,5.68,
48979874,2 bedroom fast WiFi home away from home all yours,387892852,Akeel,within an hour,100%,100%,f,St. George,Staten Island,40.64196,-74.08642,Entire home/apt,$127.00,1,154,8,31/10/2021,4.88,t,7.06,
49136477,The Beach House NYC,76940812,Edmundo,N/A,N/A,N/A,t,Midland Beach,Staten Island,40.57263,-74.08922,Entire home/apt,$295.00,2,90,0,,,f,,
49144304,"Lovely Private Space near NYC & amenities, Transit",188956585,Ismet,within a few hours,100%,N/A,f,Eltingville,Staten Island,40.54763,-74.16146,Entire home/apt,$87.00,30,0,0,,,f,,
49190656,☀Bright & Stylish Getaway | 5★ Location| Backyard ,135072241,Lyubov,within a day,100%,100%,f,Midland Beach,Staten Island,40.575172,-74.092789,Entire home/apt,$169.00,21,348,0,,,f,,
49268785,Cozy peaceful newly renovated w/ AC Everything new,397500496,Robert,N/A,N/A,N/A,t,"Chelsea, Staten Island",Staten Island,40.59116,-74.1858,Entire home/apt,$98.00,3,0,20,02/11/2021,5,f,3.35,
49591825,Newly Renovated Master Suite w/ Private Entry,34353017,Jingyi,within an hour,100%,96%,t,Tompkinsville,Staten Island,40.62837,-74.08608,Private room,$81.00,1,31,29,18/10/2021,4.93,f,5.72,
49613696,Large Bedroom w/ Private Bathroom & Private Entry,34353017,Jingyi,within an hour,100%,96%,t,Tompkinsville,Staten Island,40.62988,-74.08639,Private room,$75.00,1,31,27,24/10/2021,4.93,f,4.66,
49787013,Quiet neighborhood and cozy backyard,161780175,Cindy,within a day,78%,67%,f,Emerson Hill,Staten Island,40.60725,-74.13827,Entire home/apt,$127.00,3,61,0,,,f,,
49873851,2 rooms in a family friendly home.,113295877,Jonathan,within an hour,100%,90%,f,Tompkinsville,Staten Island,40.63525,-74.09086,Private room,$62.00,3,29,8,21/10/2021,4.38,f,8,
49899141,One cozy bedroom near Verrazano bridge and ferry,179643204,Chun Kit,within an hour,100%,40%,f,Shore Acres,Staten Island,40.61126,-74.06789,Private room,$75.00,1,88,4,18/10/2021,4.75,f,1.1,
49926303,Modern Retreat/City Views,261424448,M,within an hour,100%,79%,f,New Brighton,Staten Island,40.639664,-74.088959,Entire home/apt,$128.00,1,173,29,18/10/2021,4.72,f,5.47,
49980221,2  bedroom apartment near Staten Island ferry,260396179,Beni,within an hour,100%,80%,f,Tompkinsville,Staten Island,40.63481,-74.08688,Entire home/apt,$136.00,1,31,0,,,f,,
50051141,"Large Quiet Room Near RUMC (2nd floor, Room 1)",32060911,Ervis,within a few hours,100%,74%,t,West Brighton,Staten Island,40.63282,-74.11378,Private room,$45.00,30,231,0,,,f,,
50279149,*New* Charming Artsy Studio with private entrance,53766519,Linda,within an hour,100%,100%,t,Arden Heights,Staten Island,40.56434,-74.18373,Entire home/apt,$87.00,1,225,42,01/11/2021,4.98,t,8.87,
50364332,Private guest suite,50116334,Joan,N/A,N/A,N/A,f,Tompkinsville,Staten Island,40.63064,-74.08179,Private room,$95.00,30,80,0,,,f,,
50526813,Home away from Home: Newly Renovated Apartment,273971514,Bright,within an hour,100%,100%,f,Clifton,Staten Island,40.61717,-74.07848,Entire home/apt,$74.00,2,149,19,29/10/2021,4.53,t,4.49,
50578877,Location LocationMinutes to S.I. Hosp & Verranzano,95570540,Ilene,within an hour,95%,96%,t,Oakwood,Staten Island,40.55966,-74.11788,Entire home/apt,$157.00,2,163,1,02/08/2021,5,f,0.32,
50578893,Beach Haven Getaway,95570540,Ilene,within an hour,95%,96%,t,Oakwood,Staten Island,40.55893,-74.12009,Entire home/apt,$149.00,2,177,3,28/10/2021,5,f,1.32,
50661719,Hard Rock Place/8 minutes to S.I. Hospital,95570540,Ilene,within an hour,95%,96%,t,Oakwood,Staten Island,40.55901,-74.11982,Entire home/apt,$155.00,2,160,6,03/10/2021,5,f,1.7,
50684240,Modern Cozy Apartment 5 Min  to S. I. Hospital,95570540,Ilene,within an hour,95%,96%,t,Grant City,Staten Island,40.58239,-74.10838,Entire home/apt,$131.00,2,155,9,30/10/2021,5,f,3,
50809630,Luxury At It's Best/8 Minute S.I. Hospital/Verranz,95570540,Ilene,within an hour,95%,96%,t,Oakwood,Staten Island,40.55922,-74.11809,Entire home/apt,$269.00,2,163,5,10/10/2021,5,f,1.36,
50863511,Safe Haven,95570540,Ilene,within an hour,95%,96%,t,Oakwood,Staten Island,40.56082,-74.11994,Entire home/apt,$269.00,2,172,3,06/09/2021,5,f,0.95,
51025611,Lovely studio near the ferry,93930422,Hannan,N/A,N/A,N/A,f,New Brighton,Staten Island,40.64349,-74.09291,Entire home/apt,$112.00,3,364,0,,,t,,
51037520,FURNISHED ROOM WALK 2 RUMC HOSPITAL NO CAR NEEDED,241676154,Maria,N/A,N/A,N/A,f,West Brighton,Staten Island,40.63259,-74.1058,Private room,$41.00,30,44,0,,,f,,
51060485,"Exclusive 4,200 sqft home in prestigious area.",115671542,Valerie,N/A,N/A,N/A,f,Todt Hill,Staten Island,40.59989,-74.10771,Entire home/apt,$599.00,24,358,0,,,f,,
51174632,Exclusive Home in the Heart of Staten Island,123719570,J&S,within an hour,100%,68%,f,Westerleigh,Staten Island,40.616,-74.13676,Entire home/apt,$241.00,30,149,11,13/10/2021,4.73,f,4.52,
51263392,Comfortable  2BR apartment close to everything,98868983,Nen,within an hour,100%,97%,t,Stapleton,Staten Island,40.62723,-74.08004,Private room,$121.00,2,357,5,11/10/2021,4.6,f,3.75,
51363890,Adorable 3 BR apartment a few min to Ferry,98868983,Nen,within an hour,100%,97%,t,Stapleton,Staten Island,40.62613,-74.07805,Entire home/apt,$121.00,2,356,4,25/10/2021,5,t,1.38,
51407096,cheerful residential Home with free parking.,98868983,Nen,within an hour,100%,97%,t,Rosebank,Staten Island,40.61616,-74.06902,Private room,$119.00,2,361,4,10/10/2021,4.75,t,2.03,
51465807,Bright and Modern Private Room Close to SIUH,356623718,Aicha,within an hour,100%,97%,f,Stapleton,Staten Island,40.62636,-74.07984,Private room,$65.00,2,218,3,01/09/2021,4.67,f,1.15,
51499702,Tony,413506029,Dung,within an hour,100%,100%,f,Dongan Hills,Staten Island,40.58013,-74.10032,Entire home/apt,$175.00,2,332,9,10/10/2021,4.67,t,3.21,
51603112,Med Professionals/Near Hospitals/Walk 2 Train,241676154,Maria,N/A,N/A,N/A,f,Grant City,Staten Island,40.5775,-74.11024,Private room,$33.00,30,135,0,,,f,,
51608497,2 Bedroom Home in Staten Island,858318,Andrew,within a day,80%,0%,f,Mariners Harbor,,40.63476,-74.16903,Entire home/apt,$60.00,30,365,0,,,t,,
51669628,Casa Rosado @ NYC Pool Fire Pit A/C Parking Ferry,192476124,Carlos,within an hour,100%,97%,f,Clifton,Staten Island,40.62151,-74.08483,Entire home/apt,$538.00,1,30,3,17/10/2021,5,f,2.25,
51804585,Beautiful brand new furnished studio.,419687159,Zinaida,within a few hours,100%,100%,f,"Chelsea, Staten Island",Staten Island,40.59598,-74.18478,Entire home/apt,$68.00,30,364,0,,,f,,
51910574,Lovely 1/bd apt mins from ferry to Manhattan,314978616,Timothy,within an hour,95%,98%,f,St. George,Staten Island,40.64152,-74.08285,Entire home/apt,$129.00,1,340,4,17/10/2021,4.5,f,2.79,
51989137,Cozy pet-friendly one bedroom apartment.,314036011,Tatiana And Omar,within an hour,100%,100%,f,Woodrow,Staten Island,40.53777,-74.20674,Entire home/apt,$99.00,1,307,12,31/10/2021,5,t,7.35,
52144908,"Private house near the bay, with amenities",147668954,Nancy,N/A,N/A,N/A,f,Stapleton,Staten Island,40.62619,-74.07717,Entire home/apt,$309.00,14,364,0,,,t,,
52154854,1 Bedroom Apartment with balcony. Walk to Ferry.,256966373,Amir,within an hour,100%,96%,t,St. George,Staten Island,40.64458,-74.08005,Entire home/apt,$135.00,3,188,1,11/10/2021,5,f,1,
52266126,Very quiet residential area with parking available on the street,44153917,Claudia,within an hour,90%,86%,t,Graniteville,Staten Island,40.61264,-74.15086,Private room,$40.00,5,275,5,17/10/2021,4.6,f,5,
52362873,3 bedroom beautiful home,179355129,Gabrielle,within an hour,100%,83%,f,Dongan Hills,Staten Island,40.58308,-74.09337,Entire home/apt,$230.00,3,356,1,18/10/2021,5,f,1,
52471756,1 Bedroom Apt Residential Area Close to Manhattan,207205519,Dimitri,within an hour,92%,80%,f,Shore Acres,Staten Island,40.606396,-74.067902,Entire home/apt,$80.00,3,83,1,01/10/2021,5,t,0.86,
52472350,2 Bedrooms across from a Beautiful Park,21194343,Marisa,within a few hours,100%,63%,t,Castleton Corners,Staten Island,40.6154,-74.11354,Private room,$79.00,1,299,1,30/10/2021,5,t,1,
52487784,"Spotlessly clean one bedroom, ten minutes to ferry",32909880,Andrea,within a few hours,92%,100%,f,West Brighton,,40.63042,-74.10299,Entire home/apt,$99.00,3,339,0,,,f,,
52494046,Pleasant Two Bedroom Residential Place.,424893639,Hawa,within an hour,100%,100%,f,Grymes Hill,Staten Island,40.61944,-74.08612,Private room,$120.00,1,178,1,11/10/2021,5,f,1,
52583253,Studio apartment near Staten Island University,43967768,Admir,within an hour,89%,0%,f,Dongan Hills,Staten Island,40.58403,-74.08889,Entire home/apt,$105.00,14,88,0,,,f,,
52584132,Cozy private room with so many amenities!,42076010,Adekunle,within an hour,100%,100%,f,Mariners Harbor,Staten Island,40.64015,-74.1697,Private room,$55.00,2,334,4,30/10/2021,4.75,t,4,
52585129,Beautiful private room with all amenities!!!,42076010,Adekunle,within an hour,100%,100%,f,Mariners Harbor,Staten Island,40.63856,-74.16957,Private room,$45.00,1,360,2,20/10/2021,5,t,2,
52602181,Charming APT Minutes to NYC W/ Amenities & Transit,188956585,Ismet,within a few hours,100%,N/A,f,Arden Heights,Staten Island,40.54524,-74.16695,Entire home/apt,$71.00,30,363,0,,,f,,
52635257,Sparkling clean and walking distance to everything,22095575,John,within an hour,100%,100%,f,Castleton Corners,Staten Island,40.62549,-74.12773,Entire home/apt,$85.00,3,348,1,23/10/2021,1,f,1,
52801188,Eco Private room for 4,92493393,Lois,within a few hours,100%,92%,f,West Brighton,Staten Island,40.63352,-74.11503,Private room,$75.00,1,351,0,,,t,,
52842129,"Cozy Room near RUMC (2nd floor, Room 3)",32060911,Ervis,within a few hours,100%,74%,t,Randall Manor,Staten Island,40.63491,-74.11408,Private room,$36.00,25,323,0,,,f,,
53027258,"Newly Renovated Room Near RUMC (2nd floor, Room 2)",32060911,Ervis,within a few hours,100%,74%,t,West Brighton,Staten Island,40.63453,-74.11554,Private room,$41.00,24,327,0,,,f,,
53029967,Lovely Spacious Studio with lots of Amenities,18291632,Roxanne,within a few hours,100%,100%,f,Stapleton,Staten Island,40.63045207,-74.07499532,Entire home/apt,$139.00,2,302,0,,,f,,
53050789,1 bedroom apartment with great views,81534600,Erika,N/A,N/A,N/A,f,Tottenville,Staten Island,40.50455863,-74.24984037,Entire home/apt,$98.00,3,340,0,,,f,,
53088652,Entire 2 Bedroom Apartment with Private Entrance,236334741,Wendy,within an hour,100%,100%,f,Rosebank,Staten Island,40.61370282,-74.06727623,Entire home/apt,$69.00,3,9,0,,,t,,
